race,year,round,label,type,stage_points,round_points,share_all_rounder,share_climber,share_sprinter,share_unclassed
tdf,2023,1,Stage 1,mountain,1475,2258,38.0,47.3,6.4,8.3
tdf,2023,2,Stage 2,mixed,1475,2218,21.2,35.5,12.2,31.2
tdf,2023,3,Stage 3,sprint,1475,2198,0.0,0.0,97.8,2.2
tdf,2023,4,Stage 4,sprint,1475,2158,0.0,1.1,96.5,2.4
tdf,2023,5,Stage 5,mountain,1475,2347,30.5,66.4,0.0,3.1
tdf,2023,6,Stage 6,mountain,1475,2644,46.9,40.6,0.0,12.5
tdf,2023,7,Stage 7,sprint,1475,2174,0.0,0.3,89.7,10.0
tdf,2023,8,Stage 8,sprint,1475,2218,4.9,2.0,65.8,27.4
tdf,2023,9,Stage 9,mixed,1475,2546,28.6,30.7,0.0,40.7
tdf,2023,10,Stage 10,mixed,1475,2178,34.9,26.4,2.4,36.3
tdf,2023,11,Stage 11,sprint,1475,2218,1.1,0.0,98.9,0.0
tdf,2023,12,Stage 12,mountain,1475,2412,38.8,27.5,0.0,33.8
tdf,2023,13,Stage 13,mixed,1475,2646,25.5,36.1,0.0,38.4
tdf,2023,14,Stage 14,mountain,1475,2583,39.3,53.8,1.1,5.8
tdf,2023,15,Stage 15,mixed,1475,2295,10.4,47.3,14.9,27.5
tdf,2023,16,Stage 16,ITT,1475,1773,49.8,20.4,15.6,14.2
tdf,2023,17,Stage 17,mountain,1475,2340,36.6,52.1,0.0,11.3
tdf,2023,18,Stage 18,sprint,1475,2182,0.0,0.0,52.4,47.6
tdf,2023,19,Stage 19,mixed,1475,2288,10.8,0.0,31.4,57.8
tdf,2023,20,Stage 20,mountain,1475,2350,45.2,50.1,0.0,4.7
tdf,2023,21,Stage 21,sprint,1475,2134,0.0,0.0,92.6,7.4
tdf,2024,1,Stage 1,mixed,1475,2278,23.7,20.1,24.7,31.5
tdf,2024,2,Stage 2,mixed,1475,2358,7.4,7.4,0.0,85.2
tdf,2024,3,Stage 3,sprint,1475,2158,0.0,2.0,83.7,14.2
tdf,2024,4,Stage 4,mountain,1475,2600,66.2,32.1,0.0,1.6
tdf,2024,5,Stage 5,sprint,1475,2184,0.0,0.0,93.9,6.1
tdf,2024,6,Stage 6,sprint,1475,2152,0.0,0.0,89.7,10.3
tdf,2024,7,Stage 7,ITT,1475,1773,64.2,5.0,0.0,30.8
tdf,2024,8,Stage 8,sprint,1475,2170,6.4,0.5,63.3,29.7
tdf,2024,9,Stage 9,mixed,1475,2390,7.5,8.1,22.4,62.0
tdf,2024,10,Stage 10,sprint,1475,2150,0.0,0.0,82.2,17.8
tdf,2024,11,Stage 11,mountain,1475,2385,58.2,38.0,0.0,3.8
tdf,2024,12,Stage 12,sprint,1475,2230,0.3,0.0,87.1,12.6
tdf,2024,13,Stage 13,sprint,1475,2214,4.7,1.1,55.7,38.4
tdf,2024,14,Stage 14,mountain,1475,2710,45.4,48.3,0.0,6.2
tdf,2024,15,Stage 15,mountain,1475,2645,52.3,42.4,0.0,5.3
tdf,2024,16,Stage 16,sprint,1475,2110,0.0,0.0,78.0,22.0
tdf,2024,17,Stage 17,mixed,1475,2235,10.8,52.2,4.1,32.9
tdf,2024,18,Stage 18,mixed,1475,2126,0.8,5.4,10.8,82.9
tdf,2024,19,Stage 19,mountain,1475,2503,56.6,37.2,0.0,6.2
tdf,2024,20,Stage 20,mountain,1475,2437,63.1,31.5,0.0,5.4
tdf,2024,21,Stage 21,ITT,1475,1773,57.8,22.4,0.0,19.8
tdf,2025,1,Stage 1,sprint,1475,2185,7.9,0.0,57.8,34.3
tdf,2025,2,Stage 2,mixed,1475,2238,32.1,28.5,4.1,35.4
tdf,2025,3,Stage 3,sprint,1475,2158,0.0,0.0,86.8,13.2
tdf,2025,4,Stage 4,mountain,1475,2226,51.7,18.0,0.0,30.3
tdf,2025,5,Stage 5,ITT,1475,1773,56.6,4.6,0.0,38.8
tdf,2025,6,Stage 6,mountain,1475,2310,28.7,39.5,0.0,31.8
tdf,2025,7,Stage 7,mountain,1475,2258,56.6,25.3,0.0,18.1
tdf,2025,8,Stage 8,sprint,1475,2152,0.0,0.0,79.8,20.2
tdf,2025,9,Stage 9,sprint,1475,2184,0.0,0.0,96.6,3.4
tdf,2025,10,Stage 10,mountain,1475,2512,32.5,52.7,0.0,14.7
tdf,2025,11,Stage 11,mixed,1475,2226,0.0,0.8,16.1,83.1
tdf,2025,12,Stage 12,mountain,1475,2285,67.8,20.9,0.0,11.3
tdf,2025,13,Stage 13,ITT,1475,1773,68.5,20.3,0.0,11.2
tdf,2025,14,Stage 14,mountain,1475,2413,62.4,30.6,0.0,7.0
tdf,2025,15,Stage 15,mixed,1475,2278,7.5,13.4,0.0,79.2
tdf,2025,16,Stage 16,mountain,1475,2236,37.7,54.6,1.4,6.3
tdf,2025,17,Stage 17,sprint,1475,2210,0.0,0.0,67.7,32.3
tdf,2025,18,Stage 18,mountain,1475,2506,46.3,49.0,0.0,4.7
tdf,2025,19,Stage 19,mountain,1475,2408,55.0,38.3,0.0,6.7
tdf,2025,20,Stage 20,mixed,1475,2382,4.7,0.0,25.8,69.5
tdf,2025,21,Stage 21,mixed,1475,2132,23.1,1.6,24.4,50.9
tdf,2026,1,Stage 1,TTT,0,1590,0.0,0.0,0.0,0.0
tdf,2026,2,Stage 2,mountain,1475,2242,44.4,43.1,0.0,12.5
tdf,2026,3,Stage 3,mountain,1475,2579,45.6,50.2,0.0,4.2
tdf,2026,4,Stage 4,mixed,1475,2182,12.2,0.3,18.3,69.2
tdf,2026,5,Stage 5,sprint,1475,2202,0.0,0.0,77.5,22.5
tdf,2026,6,Stage 6,mountain,1475,2351,53.2,42.4,0.0,4.4
tdf,2026,7,Stage 7,sprint,1475,2210,0.0,0.0,79.1,20.9
tdf,2026,8,Stage 8,sprint,1475,2234,0.0,0.0,87.9,12.1
tdf,2026,9,Stage 9,mixed,1475,2338,7.7,16.3,15.9,60.1
tdf,2026,10,Stage 10,mountain,1475,2296,54.5,38.2,0.0,7.3
tdf,2026,11,Stage 11,sprint,1475,2254,0.0,0.0,72.3,27.7
tdf,2026,12,Stage 12,sprint,1475,2254,0.8,0.0,71.9,27.3
tdf,2026,13,Stage 13,mixed,1475,2209,15.6,23.1,2.4,59.0
tdf,2026,14,Stage 14,mountain,1475,2413,49.8,48.8,0.0,1.4
tdf,2026,15,Stage 15,mountain,1475,2791,47.3,43.1,0.0,9.6
tdf,2026,16,Stage 16,ITT,1475,1773,53.6,19.6,0.0,26.8
tdf,2026,17,Stage 17,sprint,1475,2484,0.0,0.5,44.1,55.4
tdf,2026,18,Stage 18,mountain,1475,2524,27.0,44.2,0.0,28.8
tdf,2026,19,Stage 19,mountain,1475,2303,32.9,61.8,0.0,5.4
tdf,2026,20,Stage 20,mountain,1475,2727,27.9,65.5,0.0,6.6
tdf,2026,21,Stage 21,sprint,1475,2190,0.0,1.1,57.6,41.3
giro,2023,1,Stage 1,ITT,1475,1766,48.0,17.3,5.1,29.6
giro,2023,2,Stage 2,sprint,1475,2221,0.0,0.3,82.0,17.7
giro,2023,3,Stage 3,sprint,1475,2181,10.0,6.4,51.5,32.1
giro,2023,4,Stage 4,mixed,1475,2281,4.9,24.6,9.5,61.0
giro,2023,5,Stage 5,sprint,1475,2191,0.0,1.4,80.3,18.3
giro,2023,6,Stage 6,sprint,1475,2239,0.0,2.7,78.3,19.0
giro,2023,7,Stage 7,mixed,1475,2232,31.7,21.5,0.0,46.8
giro,2023,8,Stage 8,mixed,1475,2393,18.1,16.7,0.0,65.2
giro,2023,9,Stage 9,ITT,1475,1773,55.3,21.0,0.0,23.7
giro,2023,10,Stage 10,mixed,1475,2181,0.0,2.0,38.6,59.3
giro,2023,11,Stage 11,sprint,1475,2237,0.0,1.6,80.7,17.7
giro,2023,12,Stage 12,mixed,1475,2687,0.0,14.2,0.0,85.8
giro,2023,13,Stage 13,mountain,1475,2239,16.9,56.3,0.0,26.7
giro,2023,14,Stage 14,mixed,1475,2698,6.1,0.0,14.6,79.3
giro,2023,15,Stage 15,mixed,1475,2416,30.6,11.3,4.7,53.4
giro,2023,16,Stage 16,mountain,1475,2671,42.0,39.2,0.0,18.8
giro,2023,17,Stage 17,sprint,1475,2155,0.0,1.4,64.3,34.4
giro,2023,18,Stage 18,mixed,1475,2295,30.2,22.8,0.0,47.1
giro,2023,19,Stage 19,mountain,1475,2569,30.5,36.3,0.0,33.2
giro,2023,20,Stage 20,ITT,1475,1773,49.8,34.9,0.0,15.3
giro,2023,21,Stage 21,sprint,1475,2151,0.0,0.8,58.6,40.5
giro,2024,1,Stage 1,mixed,1475,2291,43.4,11.9,0.0,44.7
giro,2024,2,Stage 2,mountain,1475,2308,31.3,55.3,0.0,13.4
giro,2024,3,Stage 3,sprint,1475,2651,0.0,0.0,84.8,15.2
giro,2024,4,Stage 4,sprint,1475,2231,0.0,0.0,88.4,11.6
giro,2024,5,Stage 5,sprint,1475,2167,0.0,0.0,50.5,49.5
giro,2024,6,Stage 6,mixed,1475,2647,18.0,16.9,0.0,65.1
giro,2024,7,Stage 7,ITT,1475,1773,53.7,10.8,0.0,35.5
giro,2024,8,Stage 8,mountain,1475,2480,38.8,49.9,0.0,11.3
giro,2024,9,Stage 9,sprint,1475,2189,0.0,0.0,85.4,14.6
giro,2024,10,Stage 10,mixed,1475,2232,17.9,24.1,0.0,58.0
giro,2024,11,Stage 11,sprint,1475,2225,0.0,0.0,84.7,15.3
giro,2024,12,Stage 12,mixed,1475,2205,5.1,19.7,0.0,75.3
giro,2024,13,Stage 13,sprint,1475,2219,0.3,0.0,74.0,25.7
giro,2024,14,Stage 14,ITT,1475,1773,54.1,8.5,1.7,35.7
giro,2024,15,Stage 15,mountain,1475,2398,39.7,42.8,0.0,17.4
giro,2024,16,Stage 16,mountain,1475,2276,39.2,36.9,0.0,23.9
giro,2024,17,Stage 17,mountain,1475,2537,44.4,33.2,0.0,22.4
giro,2024,18,Stage 18,sprint,1475,2243,0.0,0.0,83.2,16.8
giro,2024,19,Stage 19,mixed,1475,2541,8.7,5.0,14.9,71.4
giro,2024,20,Stage 20,mountain,1475,2293,38.6,44.9,0.0,16.4
giro,2024,21,Stage 21,sprint,1475,2243,0.0,0.0,71.7,28.3
giro,2025,1,Stage 1,mixed,1475,2271,4.7,25.5,38.0,31.9
giro,2025,2,Stage 2,ITT,1475,1773,40.1,1.6,6.4,51.9
giro,2025,3,Stage 3,sprint,1475,2291,0.0,2.4,44.4,53.2
giro,2025,4,Stage 4,sprint,1475,2191,0.0,0.0,86.3,13.7
giro,2025,5,Stage 5,mixed,1475,2203,6.8,17.2,25.5,50.5
giro,2025,6,Stage 6,sprint,1475,2161,0.0,0.0,82.9,17.1
giro,2025,7,Stage 7,mountain,1475,2336,48.7,48.8,0.0,2.5
giro,2025,8,Stage 8,mixed,1475,2424,22.8,20.3,7.5,49.4
giro,2025,9,Stage 9,mountain,1475,2285,35.9,38.1,16.3,9.8
giro,2025,10,Stage 10,ITT,1475,1773,10.6,7.1,1.4,80.9
giro,2025,11,Stage 11,mountain,1475,2218,35.9,49.5,0.0,14.6
giro,2025,12,Stage 12,sprint,1475,2219,0.0,0.0,82.6,17.4
giro,2025,13,Stage 13,mixed,1475,2335,31.9,12.7,31.9,23.5
giro,2025,14,Stage 14,mixed,1475,2243,8.1,17.7,32.5,41.6
giro,2025,15,Stage 15,mixed,1475,2208,3.8,35.2,0.0,61.0
giro,2025,16,Stage 16,mountain,1475,2736,12.5,63.3,0.0,24.3
giro,2025,17,Stage 17,mountain,1475,2720,26.4,63.3,0.0,10.3
giro,2025,18,Stage 18,mixed,1475,2135,0.0,0.0,3.9,96.1
giro,2025,19,Stage 19,mountain,1475,2710,28.7,54.4,0.0,16.8
giro,2025,20,Stage 20,mixed,1475,2231,10.2,28.1,2.2,59.5
giro,2025,21,Stage 21,sprint,1475,2253,0.0,0.0,83.0,17.0
giro,2026,1,Stage 1,sprint,1475,2178,4.1,0.0,71.4,24.5
giro,2026,2,Stage 2,mixed,1475,2181,11.4,25.5,0.0,63.1
giro,2026,3,Stage 3,sprint,1475,2199,0.0,0.0,79.3,20.7
giro,2026,4,Stage 4,mixed,1475,2225,2.2,30.8,21.7,45.3
giro,2026,5,Stage 5,mixed,1475,2353,4.5,3.3,0.0,92.3
giro,2026,6,Stage 6,mixed,1475,2201,0.0,0.0,37.9,62.1
giro,2026,7,Stage 7,mountain,1475,2254,42.0,46.4,0.0,11.5
giro,2026,8,Stage 8,mixed,1475,2255,0.0,6.4,6.4,87.1
giro,2026,9,Stage 9,mountain,1475,2308,32.7,52.6,0.0,14.7
giro,2026,10,Stage 10,mixed,1475,1773,26.9,1.7,0.0,71.4
giro,2026,11,Stage 11,mixed,1475,2301,8.1,18.2,0.0,73.6
giro,2026,12,Stage 12,mixed,1475,2217,0.0,0.0,23.7,76.3
giro,2026,13,Stage 13,mixed,1475,2399,0.5,1.6,0.0,97.8
giro,2026,14,Stage 14,mountain,1475,2244,34.8,57.4,0.0,7.8
giro,2026,15,Stage 15,sprint,1475,2177,0.0,0.0,57.8,42.2
giro,2026,16,Stage 16,mountain,1475,2254,34.9,52.8,0.0,12.3
giro,2026,17,Stage 17,mixed,1475,2123,9.5,21.6,0.0,68.9
giro,2026,18,Stage 18,sprint,1475,2201,1.7,0.0,49.4,48.9
giro,2026,19,Stage 19,mountain,1475,2306,24.7,67.8,0.0,7.5
giro,2026,20,Stage 20,mountain,1475,2331,32.5,51.8,0.0,15.7
giro,2026,21,Stage 21,sprint,1475,2145,0.0,0.0,80.4,19.6
vuelta,2023,1,Stage 1,TTT,1555,1585,2.6,28.6,7.7,61.1
vuelta,2023,2,Stage 2,mixed,1475,2243,0.0,5.1,35.5,59.4
vuelta,2023,3,Stage 3,mountain,1475,2437,65.4,33.8,0.0,0.8
vuelta,2023,4,Stage 4,sprint,1475,2203,3.8,3.7,72.5,19.9
vuelta,2023,5,Stage 5,sprint,1475,2155,0.0,0.0,51.6,48.4
vuelta,2023,6,Stage 6,mountain,1475,2178,9.8,72.6,0.0,17.6
vuelta,2023,7,Stage 7,sprint,1475,2179,0.0,0.0,57.6,42.4
vuelta,2023,8,Stage 8,mountain,1475,2186,59.0,37.7,0.0,3.3
vuelta,2023,9,Stage 9,mixed,1475,2316,4.9,40.1,0.0,55.0
vuelta,2023,10,Stage 10,ITT,1475,1773,48.7,11.6,0.0,39.7
vuelta,2023,11,Stage 11,mixed,1475,2682,8.1,24.4,0.0,67.5
vuelta,2023,12,Stage 12,sprint,1475,2159,0.0,0.0,66.8,33.2
vuelta,2023,13,Stage 13,mountain,1475,2480,42.1,52.6,0.0,5.3
vuelta,2023,14,Stage 14,mountain,1475,2418,25.8,45.0,0.0,29.2
vuelta,2023,15,Stage 15,mixed,1475,2263,9.5,31.1,5.1,54.4
vuelta,2023,16,Stage 16,mountain,1475,2255,33.9,50.6,0.0,15.5
vuelta,2023,17,Stage 17,mountain,1475,2385,39.3,54.5,0.0,6.2
vuelta,2023,18,Stage 18,mountain,1475,2504,33.6,37.6,0.0,28.7
vuelta,2023,19,Stage 19,sprint,1475,2197,0.0,0.0,63.5,36.5
vuelta,2023,20,Stage 20,mixed,1475,2139,25.4,32.8,0.0,41.8
vuelta,2023,21,Stage 21,sprint,1475,2119,5.4,4.1,43.8,46.7
vuelta,2024,1,Stage 1,ITT,1475,1740,29.9,2.7,31.2,36.2
vuelta,2024,2,Stage 2,sprint,1475,2178,5.4,8.1,68.9,17.5
vuelta,2024,3,Stage 3,sprint,1475,2202,0.0,0.0,86.4,13.6
vuelta,2024,4,Stage 4,mountain,1475,2315,35.3,58.0,0.0,6.8
vuelta,2024,5,Stage 5,sprint,1475,2177,0.0,0.0,73.9,26.1
vuelta,2024,6,Stage 6,mixed,1475,2438,3.3,46.9,0.0,49.8
vuelta,2024,7,Stage 7,mixed,1475,2153,5.8,15.2,38.0,41.0
vuelta,2024,8,Stage 8,mountain,1475,2301,45.7,43.8,0.0,10.5
vuelta,2024,9,Stage 9,mountain,1475,2744,31.5,65.8,0.0,2.6
vuelta,2024,10,Stage 10,mixed,1475,2256,11.1,6.8,17.6,64.4
vuelta,2024,11,Stage 11,mixed,1475,2153,25.4,25.4,0.0,49.2
vuelta,2024,12,Stage 12,mixed,1475,2368,16.1,32.0,0.0,51.9
vuelta,2024,13,Stage 13,mixed,1475,2620,17.8,17.4,8.1,56.7
vuelta,2024,14,Stage 14,sprint,1475,2286,0.0,1.9,59.7,38.4
vuelta,2024,15,Stage 15,mountain,1475,2750,33.9,50.4,0.0,15.7
vuelta,2024,16,Stage 16,mountain,1475,2310,41.2,50.4,0.0,8.5
vuelta,2024,17,Stage 17,sprint,1475,2195,0.0,2.7,58.9,38.4
vuelta,2024,18,Stage 18,mixed,1475,2246,20.3,12.5,13.6,53.6
vuelta,2024,19,Stage 19,mountain,1475,2250,42.0,56.3,0.0,1.6
vuelta,2024,20,Stage 20,mountain,1475,2228,32.7,57.2,0.8,9.2
vuelta,2024,21,Stage 21,ITT,1475,1773,18.7,7.1,10.2,64.0
vuelta,2025,1,Stage 1,sprint,1475,2254,0.0,0.0,77.2,22.8
vuelta,2025,2,Stage 2,mountain,1475,2221,35.1,55.7,0.0,9.2
vuelta,2025,3,Stage 3,mixed,1475,2151,11.7,40.3,20.5,27.5
vuelta,2025,4,Stage 4,sprint,1475,2221,0.0,0.0,69.4,30.6
vuelta,2025,5,Stage 5,TTT,1445,2001,23.2,11.4,7.3,58.1
vuelta,2025,6,Stage 6,mixed,1475,2411,33.0,20.1,0.0,46.8
vuelta,2025,7,Stage 7,mixed,1475,2445,43.3,14.4,0.0,42.4
vuelta,2025,8,Stage 8,sprint,1475,2185,0.0,0.0,76.7,23.3
vuelta,2025,9,Stage 9,mountain,1475,2262,35.9,32.7,0.0,31.3
vuelta,2025,10,Stage 10,mountain,1475,2160,42.4,26.4,0.0,31.3
vuelta,2025,11,Stage 11,no_result,0,576,0.0,0.0,0.0,0.0
vuelta,2025,12,Stage 12,mixed,1475,2160,21.5,6.0,8.1,64.4
vuelta,2025,13,Stage 13,mountain,1475,2804,32.4,49.8,0.0,17.8
vuelta,2025,14,Stage 14,mountain,1475,2679,42.4,36.3,0.0,21.4
vuelta,2025,15,Stage 15,mixed,1475,2196,24.4,16.9,29.8,28.8
vuelta,2025,16,Stage 16,mixed,1475,2480,3.9,30.6,0.0,65.5
vuelta,2025,17,Stage 17,mountain,1475,2394,27.7,47.5,0.0,24.7
vuelta,2025,18,Stage 18,ITT,1475,1773,32.9,0.0,3.7,63.3
vuelta,2025,19,Stage 19,sprint,1475,2113,0.0,0.0,78.3,21.7
vuelta,2025,20,Stage 20,mountain,1475,2753,32.9,46.4,0.0,20.7
vuelta,2025,21,Stage 21,no_result,0,482,0.0,0.0,0.0,0.0
